{"userID": 0, "name": "spark0", "registeredTime": "2016-10-11 18:06:25"}
{"userID": 1, "name": "spark1", "registeredTime": "2016-10-11 18:06:25"}
{"userID": 2, "name": "spark2", "registeredTime": "2016-09-26 18:06:25"}
{"userID": 3, "name": "spark3", "registeredTime": "2016-10-04 18:06:25"}
{"userID": 4, "name": "spark4", "registeredTime": "2016-10-05 18:06:25"}
{"userID": 5, "name": "spark5", "registeredTime": "2016-10-05 18:06:25"}
{"userID": 6, "name": "spark6", "registeredTime": "2016-11-08 11:09:12"}
{"userID": 7, "name": "spark7", "registeredTime": "2016-10-07 18:06:25"}
{"userID": 8, "name": "spark8", "registeredTime": "2016-10-05 18:06:25"}
{"userID": 9, "name": "spark9", "registeredTime": "2016-10-07 18:06:25"}
{"userID": 10, "name": "spark10", "registeredTime": "2016-09-27 18:06:25"}
{"userID": 11, "name": "spark11", "registeredTime": "2016-10-01 18:06:25"}
{"userID": 12, "name": "spark12", "registeredTime": "2016-10-11 18:06:25"}
{"userID": 13, "name": "spark13", "registeredTime": "2016-10-11 18:06:25"}
{"userID": 14, "name": "spark14", "registeredTime": "2016-10-12 18:06:25"}
{"userID": 15, "name": "spark15", "registeredTime": "2016-10-09 18:06:25"}
{"userID": 16, "name": "spark16", "registeredTime": "2016-10-11 18:06:25"}
{"userID": 17, "name": "spark17", "registeredTime": "2016-09-29 18:06:25"}
{"userID": 18, "name": "spark18", "registeredTime": "2016-10-07 18:06:25"}
{"userID": 19, "name": "spark19", "registeredTime": "2016-10-09 18:06:25"}
{"userID": 20, "name": "spark20", "registeredTime": "2016-10-14 18:06:25"}
{"userID": 21, "name": "spark21", "registeredTime": "2016-09-28 18:06:25"}
{"userID": 22, "name": "spark22", "registeredTime": "2016-11-08 11:09:12"}
{"userID": 23, "name": "spark23", "registeredTime": "2016-09-24 18:06:25"}
{"userID": 24, "name": "spark24", "registeredTime": "2016-11-11 11:09:12"}
{"userID": 25, "name": "spark25", "registeredTime": "2016-11-09 11:09:12"}
{"userID": 26, "name": "spark26", "registeredTime": "2016-10-09 18:06:25"}
{"userID": 27, "name": "spark27", "registeredTime": "2016-10-02 18:06:25"}
{"userID": 28, "name": "spark28", "registeredTime": "2016-09-28 18:06:25"}
{"userID": 29, "name": "spark29", "registeredTime": "2016-10-11 18:06:25"}
{"userID": 30, "name": "spark30", "registeredTime": "2016-10-06 18:06:25"}
{"userID": 31, "name": "spark31", "registeredTime": "2016-09-24 18:06:25"}
{"userID": 32, "name": "spark32", "registeredTime": "2016-11-09 11:09:12"}
{"userID": 33, "name": "spark33", "registeredTime": "2016-09-30 18:06:25"}
{"userID": 34, "name": "spark34", "registeredTime": "2016-09-26 18:06:25"}
{"userID": 35, "name": "spark35", "registeredTime": "2016-09-29 18:06:25"}
{"userID": 36, "name": "spark36", "registeredTime": "2016-09-30 18:06:25"}
{"userID": 37, "name": "spark37", "registeredTime": "2016-10-05 18:06:25"}
{"userID": 38, "name": "spark38", "registeredTime": "2016-09-29 18:06:25"}
{"userID": 39, "name": "spark39", "registeredTime": "2016-09-25 18:06:25"}
{"userID": 40, "name": "spark40", "registeredTime": "2016-10-01 18:06:25"}
{"userID": 41, "name": "spark41", "registeredTime": "2016-10-16 18:06:25"}
{"userID": 42, "name": "spark42", "registeredTime": "2016-09-26 18:06:25"}
{"userID": 43, "name": "spark43", "registeredTime": "2016-09-30 18:06:25"}
{"userID": 44, "name": "spark44", "registeredTime": "2016-11-11 11:09:12"}
{"userID": 45, "name": "spark45", "registeredTime": "2016-11-10 11:09:12"}
{"userID": 46, "name": "spark46", "registeredTime": "2016-10-07 18:06:25"}
{"userID": 47, "name": "spark47", "registeredTime": "2016-10-08 18:06:25"}
{"userID": 48, "name": "spark48", "registeredTime": "2016-10-14 18:06:25"}
{"userID": 49, "name": "spark49", "registeredTime": "2016-10-16 18:06:25"}
{"userID": 50, "name": "spark50", "registeredTime": "2016-10-17 18:06:25"}
{"userID": 51, "name": "spark51", "registeredTime": "2016-09-26 18:06:25"}
{"userID": 52, "name": "spark52", "registeredTime": "2016-11-11 11:09:12"}
{"userID": 53, "name": "spark53", "registeredTime": "2016-09-25 18:06:25"}
{"userID": 54, "name": "spark54", "registeredTime": "2016-09-26 18:06:25"}
{"userID": 55, "name": "spark55", "registeredTime": "2016-09-29 18:06:25"}
{"userID": 56, "name": "spark56", "registeredTime": "2016-09-28 18:06:25"}
{"userID": 57, "name": "spark57", "registeredTime": "2016-10-04 18:06:25"}
{"userID": 58, "name": "spark58", "registeredTime": "2016-09-25 18:06:25"}
{"userID": 59, "name": "spark59", "registeredTime": "2016-10-04 18:06:25"}
{"userID": 60, "name": "spark60", "registeredTime": "2016-09-30 18:06:25"}
{"userID": 61, "name": "spark61", "registeredTime": "2016-10-18 18:06:25"}
{"userID": 62, "name": "spark62", "registeredTime": "2016-10-18 18:06:25"}
{"userID": 63, "name": "spark63", "registeredTime": "2016-10-04 18:06:25"}
{"userID": 64, "name": "spark64", "registeredTime": "2016-10-01 18:06:25"}
{"userID": 65, "name": "spark65", "registeredTime": "2016-10-03 18:06:25"}
{"userID": 66, "name": "spark66", "registeredTime": "2016-10-07 18:06:25"}
{"userID": 67, "name": "spark67", "registeredTime": "2016-10-18 18:06:25"}
{"userID": 68, "name": "spark68", "registeredTime": "2016-11-12 11:09:12"}
{"userID": 69, "name": "spark69", "registeredTime": "2016-11-11 11:09:12"}
{"userID": 70, "name": "spark70", "registeredTime": "2016-11-08 11:09:12"}
{"userID": 71, "name": "spark71", "registeredTime": "2016-09-27 18:06:25"}
{"userID": 72, "name": "spark72", "registeredTime": "2016-11-11 11:09:12"}
{"userID": 73, "name": "spark73", "registeredTime": "2016-09-24 18:06:25"}
{"userID": 74, "name": "spark74", "registeredTime": "2016-10-04 18:06:25"}
{"userID": 75, "name": "spark75", "registeredTime": "2016-10-18 18:06:25"}
{"userID": 76, "name": "spark76", "registeredTime": "2016-09-26 18:06:25"}
{"userID": 77, "name": "spark77", "registeredTime": "2016-09-25 18:06:25"}
{"userID": 78, "name": "spark78", "registeredTime": "2016-10-09 18:06:25"}
{"userID": 79, "name": "spark79", "registeredTime": "2016-09-29 18:06:25"}
{"userID": 80, "name": "spark80", "registeredTime": "2016-10-05 18:06:25"}
{"userID": 81, "name": "spark81", "registeredTime": "2016-10-15 18:06:25"}
{"userID": 82, "name": "spark82", "registeredTime": "2016-10-14 18:06:25"}
{"userID": 83, "name": "spark83", "registeredTime": "2016-10-11 18:06:25"}
{"userID": 84, "name": "spark84", "registeredTime": "2016-10-15 18:06:25"}
{"userID": 85, "name": "spark85", "registeredTime": "2016-10-16 18:06:25"}
{"userID": 86, "name": "spark86", "registeredTime": "2016-09-29 18:06:25"}
{"userID": 87, "name": "spark87", "registeredTime": "2016-11-12 11:09:12"}
{"userID": 88, "name": "spark88", "registeredTime": "2016-10-05 18:06:25"}
{"userID": 89, "name": "spark89", "registeredTime": "2016-10-13 18:06:25"}
{"userID": 90, "name": "spark90", "registeredTime": "2016-09-24 18:06:25"}
{"userID": 91, "name": "spark91", "registeredTime": "2016-10-05 18:06:25"}
{"userID": 92, "name": "spark92", "registeredTime": "2016-10-02 18:06:25"}
{"userID": 93, "name": "spark93", "registeredTime": "2016-10-13 18:06:25"}
{"userID": 94, "name": "spark94", "registeredTime": "2016-10-14 18:06:25"}
{"userID": 95, "name": "spark95", "registeredTime": "2016-10-07 18:06:25"}
{"userID": 96, "name": "spark96", "registeredTime": "2016-10-06 18:06:25"}
{"userID": 97, "name": "spark97", "registeredTime": "2016-10-15 18:06:25"}
{"userID": 98, "name": "spark98", "registeredTime": "2016-09-28 18:06:25"}
{"userID": 99, "name": "spark99", "registeredTime": "2016-10-10 18:06:25"}
